Sentiment,autism_mean,autisminwomen_mean
anger,0.0421125,0.05363968
anticipation,0.13849313,0.09905179
disgust,0.03640024,0.04751509
fear,0.04640934,0.06472394
joy,0.11402525,0.08132474
sadness,0.05477575,0.07877753
surprise,0.03776347,0.04485239
trust,0.12956783,0.13263865
negative,0.12120195,0.15783867
positive,0.27925055,0.23963749
